{
  "route_indices": [
    0,
    1,
    2,
    3,
    5,
    4,
    0
  ],
  "path": [
    [
      0.0,
      0.0,
      100.0
    ],
    [
      1000.0,
      500.0,
      150.0
    ],
    [
      2000.0,
      1500.0,
      200.0
    ],
    [
      3000.0,
      1000.0,
      150.0
    ],
    [
      5000.0,
      500.0,
      100.0
    ],
    [
      4000.0,
      0.0,
      100.0
    ],
    [
      0.0,
      0.0,
      100.0
    ]
  ],
  "times": [
    0.0,
    55.95757321399848,
    126.71243170442301,
    182.67000491842148,
    285.77795805492786,
    341.6796574924226,
    541.6796574924226
  ],
  "total_time": 541.6796574924226,
  "total_energy": 54167.96574924226,
  "distance": 10833.57
}